Symbol,Name,Last Sale,Net Change,% Change,Market Cap,Country,IPO Year,Volume,Sector,Industry
AAOI,Applied Optoelectronics Inc. Common Stock,$36.02,-0.73,-1.986%,2459388580.00,United States,2013,2312479,Technology,Semiconductors
AAPL,Apple Inc. Common Stock,$273.08,-0.68,-0.248%,4035126477240.00,United States,1980,22139617,Technology,Computer Manufacturing
ACAD,ACADIA Pharmaceuticals Inc. Common Stock,$26.70,-0.56,-2.054%,4517154514.00,United States,1985,1048061,Health Care,Biotechnology: Pharmaceutical Preparations
ACIW,ACI Worldwide Inc. Common Stock,$48.12,-0.48,-0.988%,4960594849.00,United States,,333202,Technology,Computer Software: Prepackaged Software
ACLS,Axcelis Technologies Inc. Common Stock,$81.55,-0.27,-0.33%,2503519842.00,United States,2000,163539,Technology,Industrial Machinery/Components
ACLX,Arcellx Inc. Common Stock,$63.60,-1.53,-2.349%,3677534596.00,United States,2022,680568,Health Care,Biotechnology: Biological Products (No Diagnostic Substances)
ACMR,ACM Research Inc. Class A Common Stock,$40.20,0.23,0.575%,2608033330.00,United States,2017,1518851,Technology,Industrial Machinery/Components
ADBE,Adobe Inc. Common Stock,$352.51,-0.65,-0.184%,147560686000.00,United States,1986,2252633,Technology,Computer Software: Prepackaged Software
ADI,Analog Devices Inc. Common Stock,$274.82,-0.81,-0.294%,134566738938.00,United States,,1287424,Technology,Semiconductors
ADMA,ADMA Biologics Inc Common Stock,$18.36,-0.75,-3.925%,4369638965.00,United States,,1890123,Health Care,Biotechnology: Biological Products (No Diagnostic Substances)
ADPT,Adaptive Biotechnologies Corporation Common Stock,$16.42,-0.23,-1.381%,2506762387.00,United States,2019,1529659,Health Care,Biotechnology: Biological Products (No Diagnostic Substances)
ADSK,Autodesk Inc. Common Stock,$299.54,-1.69,-0.561%,63502480000.00,United States,,627770,Technology,Computer Software: Prepackaged Software
ADUS,Addus HomeCare Corporation Common Stock,$108.63,-1.48,-1.344%,2007837729.00,United States,2009,112222,Health Care,Medical/Nursing Services
AEIS,Advanced Energy Industries Inc. Common Stock,$213.41,-3.85,-1.772%,8055264807.00,United States,1995,287070,Technology,Industrial Machinery/Components
AGYS,Agilysys Inc. Common Stock (DE),$119.45,-2.95,-2.41%,3349677581.00,United States,,195492,Technology,EDP Services
ALAB,Astera Labs Inc. Common Stock,$170.84,0.735,0.432%,28855493757.00,United States,2024,2401580,Technology,Semiconductors
ALGM,Allegro MicroSystems Inc. Common Stock,$26.83,0.30,1.131%,4966743977.00,United States,2020,1063153,Technology,Semiconductors
ALGN,Align Technology Inc. Common Stock,$158.135,0.295,0.187%,11346185459.00,United States,2001,574597,Health Care,Industrial Specialties
ALHC,Alignment Healthcare Inc. Common Stock,$19.24,0.30,1.584%,3849765116.00,United States,2021,2309240,Health Care,Medical Specialities
ALKT,Alkami Technology Inc. Common Stock,$23.21,-0.19,-0.812%,2437143095.00,United States,2021,853778,Technology,Computer Software: Prepackaged Software
ALNY,Alnylam Pharmaceuticals Inc. Common Stock,$397.25,-1.57,-0.394%,52482214201.00,United States,2004,504789,Health Care,Biotechnology: Pharmaceutical Preparations
ALRM,Alarm.com Holdings Inc. Common Stock,$51.77,-0.05,-0.096%,2582271034.00,United States,2015,212930,Technology,Computer Software: Prepackaged Software
AMAT,Applied Materials Inc. Common Stock,$259.97,-3.08,-1.171%,206141486859.00,United States,1972,2185127,Technology,Semiconductors
AMBA,Ambarella Inc. Ordinary Shares,$69.77,-0.30,-0.428%,3003632408.00,United States,2012,483214,Technology,Semiconductors
AMD,Advanced Micro Devices Inc. Common Stock,$215.34,-0.27,-0.125%,350582465224.00,United States,,16409566,Technology,Semiconductors
AMGN,Amgen Inc. Common Stock,$328.69,-0.94,-0.285%,176993211751.00,United States,1983,1256185,Health Care,Biotechnology: Biological Products (No Diagnostic Substances)
AMKR,Amkor Technology Inc. Common Stock,$40.40,0.31,0.773%,9986614855.00,United States,1998,2398701,Technology,Semiconductors
AMRX,Amneal Pharmaceuticals Inc. Class A Common Stock,$12.88,-0.03,-0.232%,4048994410.00,United States,,1201133,Health Care,Biotechnology: Pharmaceutical Preparations
APGE,Apogee Therapeutics Inc. Common Stock,$75.76,-0.62,-0.812%,5175940549.00,United States,2023,883769,Health Care,Biotechnology: Biological Products (No Diagnostic Substances)
APLS,Apellis Pharmaceuticals Inc. Common Stock,$25.24,0.07,0.278%,3193496502.00,United States,2017,1502489,Health Care,Biotechnology: Pharmaceutical Preparations
APP,Applovin Corporation Class A Common Stock,$693.71,-5.11,-0.731%,234442763050.00,United States,2021,2249106,Technology,Computer Software: Programming Data Processing
APPF,AppFolio Inc. Class A Common Stock,$235.63,-0.97,-0.41%,8464152413.00,United States,2015,92484,Technology,Computer Software: Prepackaged Software
APPN,Appian Corporation Class A Common Stock,$35.82,0.16,0.449%,2644345878.00,United States,2017,455602,Technology,Computer Software: Prepackaged Software
ARQT,Arcutis Biotherapeutics Inc. Common Stock,$28.08,-0.48,-1.681%,3439580751.00,United States,2020,1393297,Health Care,Biotechnology: Pharmaceutical Preparations
ARWR,Arrowhead Pharmaceuticals Inc. Common Stock,$67.25,-2.37,-3.404%,9614481927.00,United States,,1334613,Health Care,Biotechnology: Pharmaceutical Preparations
ATEC,Alphatec Holdings Inc. Common Stock,$20.86,-0.12,-0.572%,3098756859.00,United States,2006,1189414,Health Care,Medical/Dental Instruments
AUR,Aurora Innovation Inc. Class A Common Stock,$3.88,0.01,0.258%,7509239441.00,United States,2021,9893758,Technology,EDP Services
AVGO,Broadcom Inc. Common Stock,$349.85,0.46,0.132%,1658734638580.00,United States,2009,16633607,Technology,Semiconductors
AVPT,AvePoint Inc. Class A Common Stock,$13.97,-0.06,-0.428%,3014576703.00,United States,2019,1347408,Technology,Computer Software: Prepackaged Software
AVT,Avnet Inc. Common Stock,$48.94,-0.03,-0.061%,3980264066.00,United States,,566007,Technology,Electronic Components
AXSM,Axsome Therapeutics Inc. Common Stock,$148.79,-1.89,-1.254%,7500896706.00,United States,2015,519474,Health Care,Biotechnology: Pharmaceutical Preparations
BBIO,BridgeBio Pharma Inc. Common Stock,$75.48,-0.13,-0.172%,14545661205.00,United States,2019,1309566,Health Care,Biotechnology: Pharmaceutical Preparations
BEAM,Beam Therapeutics Inc. Common Stock,$27.82,-0.02,-0.072%,2823032942.00,United States,2020,881721,Health Care,Biotechnology: Biological Products (No Diagnostic Substances)
BIIB,Biogen Inc. Common Stock,$176.40,-0.43,-0.243%,25878280781.00,United States,,609867,Health Care,Biotechnology: Biological Products (No Diagnostic Substances)
BL,BlackLine Inc. Common Stock,$57.23,-0.43,-0.746%,3404422010.00,United States,2016,430484,Technology,Computer Software: Prepackaged Software
BLKB,Blackbaud Inc. Common Stock,$63.52,-0.78,-1.213%,3038427050.00,United States,2004,190700,Technology,Computer Software: Prepackaged Software
BLLN,BillionToOne Inc. Class A Common Stock,$85.09,0.58,0.686%,3894463788.00,United States,2025,176457,Health Care,Medical Specialities
BLTE,Belite Bio Inc American Depositary Shares,$160.82,-4.47,-2.704%,6033102797.00,United States,2022,193286,Health Care,Biotechnology: Pharmaceutical Preparations
BMRN,BioMarin Pharmaceutical Inc. Common Stock,$58.99,-1.05,-1.749%,11332825153.00,United States,1999,1575511,Health Care,Biotechnology: Pharmaceutical Preparations
BRZE,Braze Inc. Class A Common Stock,$34.77,-0.48,-1.362%,3901732865.00,United States,2021,851559,Technology,Computer Software: Prepackaged Software
BSY,Bentley Systems Incorporated Class B Common Stock,$38.68,-0.40,-1.024%,11741587390.00,United States,2020,1360538,Technology,Computer Software: Prepackaged Software
BTSG,BrightSpring Health Services Inc. Common Stock,$37.64,-0.20,-0.529%,6788460459.00,United States,2024,1227678,Health Care,Medical/Nursing Services
BTSGU,BrightSpring Health Services Inc. Tangible Equity Unit,$127.51,-0.14,-0.11%,22996721390.00,United States,2024,15630,Health Care,Medical/Nursing Services
CAI,Caris Life Sciences Inc. Common Stock,$27.32,-0.63,-2.254%,7708253936.00,United States,2025,1613744,Health Care,Medical Specialities
CARG,CarGurus Inc. Class A Common Stock ,$38.15,-0.43,-1.115%,3641539733.00,United States,2017,394037,Technology,EDP Services
CCC,CCC Intelligent Solutions Holdings Inc. Common Stock,$8.01,-0.11,-1.355%,5142577445.00,United States,,6463782,Technology,Computer Software: Prepackaged Software
CDNS,Cadence Design Systems Inc. Common Stock,$315.60,-2.11,-0.664%,85906635600.00,United States,,1021497,Technology,Computer Software: Prepackaged Software
CDTX,Cidara Therapeutics Inc. Common Stock,$220.80,0.39,0.177%,6941813117.00,United States,2015,614222,Health Care,Biotechnology: Biological Products (No Diagnostic Substances)
CDW,CDW Corporation Common Stock,$138.39,-0.22,-0.159%,18017500607.00,United States,2013,1133021,Technology,Retail: Computer Software & Peripheral Equipment
CELC,Celcuity Inc. Common Stock,$99.92,-1.63,-1.605%,4623424199.00,United States,2017,774640,Health Care,Medical Specialities
CFLT,Confluent Inc. Class A Common Stock,$30.13,0.03,0.10%,10540154426.00,United States,2021,3001684,Technology,Computer Software: Prepackaged Software
CGON,CG Oncology Inc. Common stock,$40.17,0.31,0.778%,3240360410.00,United States,2024,882462,Health Care,Biotechnology: Biological Products (No Diagnostic Substances)
CNXC,Concentrix Corporation Common Stock,$41.73,-0.61,-1.441%,2598002929.00,United States,,769023,Technology,Computer Software: Prepackaged Software
COGT,Cogent Biosciences Inc. Common Stock,$37.12,-0.80,-2.11%,5285016756.00,United States,2018,2167814,Health Care,Biotechnology: Pharmaceutical Preparations
COMM,CommScope Holding Company Inc. Common Stock,$18.28,0.13,0.716%,4049910364.00,United States,2013,2248258,Technology,Radio And Television Broadcasting And Communications Equipment
COO,The Cooper Companies Inc. Common Stock,$82.47,0.27,0.328%,16162307804.00,United States,,2330658,Health Care,Ophthalmic Goods
CORT,Corcept Therapeutics Incorporated Common Stock,$70.195,-9.625,-12.058%,7383686892.00,United States,2004,2382684,Health Care,Biotechnology: Pharmaceutical Preparations
CPRX,Catalyst Pharmaceuticals Inc. Common Stock,$23.29,-0.77,-3.20%,2862629493.00,United States,2006,885492,Health Care,Biotechnology: Pharmaceutical Preparations
CRDO,Credo Technology Group Holding Ltd Ordinary Shares,$144.92,0.22,0.152%,26177148717.00,United States,2022,2182726,Technology,Semiconductors
CRNX,Crinetics Pharmaceuticals Inc. Common Stock,$47.39,-0.13,-0.274%,4496924298.00,United States,2018,593950,Health Care,Biotechnology: Pharmaceutical Preparations
CRUS,Cirrus Logic Inc. Common Stock,$120.40,0.27,0.225%,6144058836.00,United States,1989,245935,Technology,Semiconductors
CRWD,CrowdStrike Holdings Inc. Class A Common Stock,$475.63,-0.28,-0.059%,119905581017.00,United States,2019,1168100,Technology,Computer Software: Prepackaged Software
CRWV,CoreWeave Inc. Class A Common Stock,$73.90,-1.02,-1.361%,36825664137.00,United States,2025,13291778,Technology,Computer Software: Prepackaged Software
CSGS,CSG Systems International Inc. Common Stock,$76.69,-0.23,-0.299%,2187212374.00,United States,1996,248285,Technology,EDP Services
CTSH,Cognizant Technology Solutions Corporation Class A Common Stock,$84.14,-0.86,-1.012%,40609874238.00,United States,1998,2723243,Technology,EDP Services
CVLT,Commvault Systems Inc. Common Stock,$126.79,-0.77,-0.604%,5590724158.00,United States,2006,471530,Technology,Computer Software: Prepackaged Software
CYTK,Cytokinetics Incorporated Common Stock,$61.37,-0.38,-0.615%,7503398693.00,United States,2004,1663553,Health Care,Biotechnology: Pharmaceutical Preparations
DASH,DoorDash Inc. Class A Common Stock,$228.13,-2.88,-1.247%,98323692139.00,United States,,2546922,Technology,EDP Services
DBX,Dropbox Inc. Class A Common Stock,$27.66,-0.30,-1.073%,7156729619.00,United States,2018,3440437,Technology,Computer Software: Prepackaged Software
DDOG,Datadog Inc. Class A Common Stock,$137.48,-0.46,-0.333%,48210214573.00,United States,2019,1614951,Technology,Computer Software: Prepackaged Software
DIOD,Diodes Incorporated Common Stock,$49.89,-0.13,-0.26%,2314164164.00,United States,,148514,Technology,Semiconductors
DJT,Trump Media & Technology Group Corp. Common Stock,$12.57,-0.59,-4.483%,3519570285.00,United States,2024,8607225,Technology,Computer Software: Programming Data Processing
DNLI,Denali Therapeutics Inc. Common Stock,$16.41,-0.17,-1.025%,2556162381.00,United States,2017,851898,Health Care,Biotechnology: Biological Products (No Diagnostic Substances)
DOCU,DocuSign Inc. Common Stock,$69.08,-0.39,-0.561%,13834840879.00,United States,1989,1573078,Technology,Computer Software: Prepackaged Software
DUOL,Duolingo Inc. Class A Common Stock,$177.14,-3.03,-1.682%,8188714019.00,United States,2021,1074384,Technology,Computer Software: Prepackaged Software
DXCM,DexCom Inc. Common Stock,$67.06,-0.41,-0.608%,26154491200.00,United States,2005,2252360,Health Care,Medical/Dental Instruments
DYN,Dyne Therapeutics Inc. Common Stock,$19.20,-0.39,-1.991%,3102599539.00,United States,2020,1985037,Health Care,Biotechnology: Pharmaceutical Preparations
ENPH,Enphase Energy Inc. Common Stock,$32.19,-0.94,-2.837%,4212374033.00,United States,2012,3907609,Technology,Semiconductors
ENSG,The Ensign Group Inc. Common Stock,$176.72,0.39,0.221%,10236467652.00,United States,2007,409621,Health Care,Hospital/Nursing Management
EVCM,EverCommerce Inc. Common Stock,$12.14,-0.06,-0.492%,2177519981.00,United States,2021,97707,Technology,Computer Software: Prepackaged Software
EWTX,Edgewise Therapeutics Inc. Common Stock,$24.54,-0.08,-0.325%,2598011370.00,United States,2021,926725,Health Care,Biotechnology: Pharmaceutical Preparations
EXAS,Exact Sciences Corporation Common Stock,$101.90,-0.03,-0.029%,19307125266.00,United States,2001,837926,Health Care,Medical Specialities
EXEL,Exelixis Inc. Common Stock,$44.04,-1.33,-2.931%,11807659394.00,United States,2000,1814234,Health Care,Biotechnology: Biological Products (No Diagnostic Substances)
EYE,National Vision Holdings Inc. Common Stock,$25.94,-0.62,-2.334%,2057289935.00,United States,2017,819228,Health Care,Ophthalmic Goods
FA,First Advantage Corporation Common Stock,$14.92,-0.43,-2.801%,2597795173.00,United States,2021,468026,Technology,EDP Services
FOLD,Amicus Therapeutics Inc. Common Stock,$14.25,0.00,0.00%,4396603059.00,United States,2007,11520671,Health Care,Biotechnology: Pharmaceutical Preparations
FORM,FormFactor Inc. FormFactor Inc. Common Stock,$57.10,-0.32,-0.557%,4426226239.00,United States,2003,476372,Technology,Semiconductors
FROG,JFrog Ltd. Ordinary Shares,$65.47,-0.59,-0.893%,7745941242.00,United States,2020,695589,Technology,Computer Software: Prepackaged Software
FRSH,Freshworks Inc. Class A Common Stock,$12.33,-0.03,-0.243%,3476711714.00,United States,2021,1954398,Technology,Computer Software: Prepackaged Software
FSLR,First Solar Inc. Common Stock,$264.30,-3.95,-1.473%,28361541666.00,United States,2006,817907,Technology,Semiconductors
FTNT,Fortinet Inc. Common Stock,$80.31,-0.51,-0.631%,59722379072.00,United States,2009,2493871,Technology,Computer peripheral equipment
GEHC,GE HealthCare Technologies Inc. Common Stock ,$83.33,0.18,0.216%,37958614261.00,United States,,1510777,Health Care,Medical Electronics
GEN,Gen Digital Inc. Common Stock,$27.46,-0.12,-0.435%,16935024298.00,United States,,1921385,Technology,Computer Software: Prepackaged Software
GENVR,Gen Digital Inc. Contingent Value Rights,$4.45,0.00,0.00%,2744386676.00,United States,,709,Technology,Computer Software: Prepackaged Software
GFS,GlobalFoundries Inc. Ordinary Shares,$36.115,0.265,0.739%,19968446603.00,United States,2021,2070746,Technology,Semiconductors
GH,Guardant Health Inc. Common Stock,$100.60,-0.79,-0.779%,12679733553.00,United States,2018,987279,Health Care,Medical Specialities
GILD,Gilead Sciences Inc. Common Stock,$123.18,-1.73,-1.385%,152826915961.00,United States,1992,3256025,Health Care,Biotechnology: Biological Products (No Diagnostic Substances)
GOOG,Alphabet Inc. Class C Capital Stock,$314.55,0.16,0.051%,3795674850000.00,United States,2004,11052495,Technology,Computer Software: Programming Data Processing
GOOGL,Alphabet Inc. Class A Common Stock,$313.85,0.29,0.092%,3787227950000.00,United States,2004,17380888,Technology,Computer Software: Programming Data Processing
GPCR,Structure Therapeutics Inc. American Depositary Shares,$67.78,0.40,0.594%,4686254366.00,United States,2023,422721,Health Care,Biotechnology: Pharmaceutical Preparations
GRAL,GRAIL Inc. Common Stock ,$85.30,-2.58,-2.936%,3325183622.00,United States,,562700,Health Care,Medical Specialities
GTLB,GitLab Inc. Class A Common Stock,$38.16,-0.06,-0.157%,6426144000.00,United States,2021,2418914,Technology,Computer Software: Prepackaged Software
GTM,ZoomInfo Technologies Inc Common Stock,$10.03,0.08,0.804%,3125273116.00,United States,2020,3499380,Technology,Computer Software: Prepackaged Software
HALO,Halozyme Therapeutics Inc. Common Stock,$67.70,-1.25,-1.813%,7961316900.00,United States,,860750,Health Care,Biotechnology: Biological Products (No Diagnostic Substances)
HOLX,Hologic Inc. Common Stock,$74.54,0.03,0.04%,16615355695.00,United States,1990,1785794,Health Care,Medical Electronics
HRMY,Harmony Biosciences Holdings Inc. Common Stock,$37.64,-0.27,-0.712%,2167926915.00,United States,2020,457155,Health Care,Biotechnology: Pharmaceutical Preparations
HSIC,Henry Schein Inc. Common Stock,$76.44,0.00,0.00%,8998884247.00,United States,1995,653735,Health Care,Medical Specialities
HTFL,Heartflow Inc. Common Stock,$30.21,-0.10,-0.33%,2572644901.00,United States,2025,809304,Health Care,Medical/Dental Instruments
IAC,IAC Inc. Common Stock,$39.59,-0.45,-1.124%,3065574212.00,United States,,830033,Technology,Computer Software: Programming Data Processing
ICUI,ICU Medical Inc. Common Stock,$144.63,-2.60,-1.766%,3570431636.00,United States,1992,144261,Health Care,Medical/Dental Instruments
IDXX,IDEXX Laboratories Inc. Common Stock,$682.32,-5.57,-0.81%,54484159486.00,United States,1991,432357,Health Care,Biotechnology: In Vitro & In Vivo Diagnostic Substances
IDYA,IDEAYA Biosciences Inc. Common Stock,$34.51,-0.33,-0.947%,3025367740.00,United States,2019,682579,Health Care,Biotechnology: Pharmaceutical Preparations
ILMN,Illumina Inc. Common Stock,$132.75,-1.73,-1.286%,20284200000.00,United States,2000,759740,Health Care,Medical Specialities
IMNM,Immunome Inc. Common Stock,$21.18,-0.42,-1.944%,2336830659.00,United States,2020,1088293,Health Care,Biotechnology: Pharmaceutical Preparations
IMVT,Immunovant Inc. Common Stock,$25.35,-0.26,-1.015%,5137894322.00,United States,2019,1178304,Health Care,Biotechnology: Biological Products (No Diagnostic Substances)
INCY,Incyte Corp. Common Stock,$98.91,-0.38,-0.383%,19418278554.00,United States,,1603807,Health Care,Biotechnology: Commercial Physical & Biological Resarch
INSM,Insmed Incorporated Common Stock,$174.09,-2.25,-1.276%,37128778218.00,United States,,1651368,Health Care,Biotechnology: Pharmaceutical Preparations
INTA,Intapp Inc. Common Stock,$46.52,-1.00,-2.104%,3811219896.00,United States,2021,366213,Technology,Computer Software: Prepackaged Software
INTC,Intel Corporation Common Stock,$37.30,0.62,1.69%,163262100000.00,United States,,61935279,Technology,Semiconductors
INTU,Intuit Inc. Common Stock,$669.88,-4.27,-0.633%,186494592000.00,United States,1993,1192345,Technology,Computer Software: Prepackaged Software
IONS,Ionis Pharmaceuticals Inc. Common Stock,$78.97,-1.01,-1.263%,12791117815.00,United States,,1146166,Health Care,Biotechnology: Pharmaceutical Preparations
IPGP,IPG Photonics Corporation Common Stock,$72.83,-0.09,-0.123%,3067925951.00,United States,2006,238467,Technology,Semiconductors
IRON,Disc Medicine Inc. Common Stock,$76.89,-1.40,-1.788%,2902609956.00,United States,,603983,Health Care,Biotechnology: Pharmaceutical Preparations
IRTC,iRhythm Technologies Inc. Common Stock,$178.57,-0.03,-0.017%,5753372366.00,United States,2016,202229,Health Care,Medical/Dental Instruments
ISRG,Intuitive Surgical Inc. Common Stock,$572.63,-2.77,-0.481%,202995086282.00,United States,2000,725054,Health Care,Industrial Specialties
JKHY,Jack Henry & Associates Inc. Common Stock,$184.55,-1.87,-1.003%,13357199711.00,United States,1985,346948,Technology,EDP Services
KLAC,KLA Corporation Common Stock,$1243.65,-16.74,-1.328%,163406081154.00,United States,1980,384258,Technology,Electronic Components
KNSA,Kiniksa Pharmaceuticals International plc Class A Ordinary Shares,$40.99,-0.005,-0.012%,3106868161.00,United States,2018,265980,Health Care,Biotechnology: Pharmaceutical Preparations
KRYS,Krystal Biotech Inc. Common Stock,$247.88,-5.80,-2.286%,7187905010.00,United States,2017,228679,Health Care,Biotechnology: Biological Products (No Diagnostic Substances)
KYMR,Kymera Therapeutics Inc. Common Stock,$78.12,-2.23,-2.775%,6151260513.00,United States,2020,583886,Health Care,Biotechnology: Biological Products (No Diagnostic Substances)
LEGN,Legend Biotech Corporation American Depositary Shares,$21.53,-0.39,-1.779%,3953966372.00,United States,2020,1182818,Health Care,Biotechnology: Pharmaceutical Preparations
LFST,LifeStance Health Group Inc. Common Stock,$7.13,0.01,0.14%,2773572004.00,United States,2021,1118924,Health Care,Medical/Nursing Services
LGND,Ligand Pharmaceuticals Incorporated Common Stock,$190.20,-4.96,-2.542%,3743463144.00,United States,,230848,Health Care,Biotechnology: Pharmaceutical Preparations
LIF,Life360 Inc. Common Stock,$66.73,0.10,0.15%,5231666566.00,United States,2024,725415,Technology,EDP Services
LNTH,Lantheus Holdings Inc. Common Stock,$67.16,-0.18,-0.267%,4453499078.00,United States,2015,569030,Health Care,Biotechnology: In Vitro & In Vivo Diagnostic Substances
LOGI,Logitech International S.A. Ordinary Shares,$102.48,-0.42,-0.408%,15049973304.00,United States,1997,267251,Technology,Computer peripheral equipment
LQDA,Liquidia Corporation Common Stock,$34.43,-0.32,-0.921%,2995254480.00,United States,2018,1015910,Health Care,Biotechnology: Pharmaceutical Preparations
LRCX,Lam Research Corporation Common Stock,$173.78,-2.09,-1.188%,218272893400.00,United States,1984,5670823,Technology,Industrial Machinery/Components
LSCC,Lattice Semiconductor Corporation Common Stock,$74.58,0.02,0.027%,10201529265.00,United States,,1221424,Technology,Semiconductors
MANH,Manhattan Associates Inc. Common Stock,$174.75,-1.54,-0.874%,10530128663.00,United States,1998,418502,Technology,Computer Software: Prepackaged Software
MARA,MARA Holdings Inc. Common Stock,$9.33,-0.16,-1.686%,3528460013.00,United States,,28454786,Technology,EDP Services
MASI,Masimo Corporation Common Stock,$131.07,0.25,0.191%,7040287295.00,United States,2007,627057,Health Care,Biotechnology: Electromedical & Electrotherapeutic Apparatus
MCHP,Microchip Technology Incorporated Common Stock,$64.68,0.03,0.046%,34956101223.00,United States,1993,4346398,Technology,Semiconductors
MCHPP,Microchip Technology Incorporated Depositary Shares Each Representing a 1/20th Interest in a Share of 7.50% Series A Mandatory Convertible Preferred Stock,$59.13,0.00,0.00%,31956621294.00,United States,,5792,Technology,Semiconductors
MDB,MongoDB Inc. Class A Common Stock,$421.23,-1.91,-0.451%,34284651065.00,United States,2017,921493,Technology,Computer Software: Prepackaged Software
MDGL,Madrigal Pharmaceuticals Inc. Common Stock,$583.73,-5.74,-0.974%,13257337197.00,United States,2007,139211,Health Care,Biotechnology: Pharmaceutical Preparations
MDLN,Medline Inc. Class A Common Stock,$41.92,-0.08,-0.19%,55071025946.00,United States,2025,7014196,Health Care,Medical/Dental Instruments
MEDP,Medpace Holdings Inc. Common Stock,$568.85,-1.13,-0.198%,16023493654.00,United States,2016,256856,Health Care,Biotechnology: Commercial Physical & Biological Resarch
META,Meta Platforms Inc. Class A Common Stock,$665.95,7.26,1.102%,1678545353222.00,United States,2012,9187483,Technology,Computer Software: Programming Data Processing
MGNI,Magnite Inc. Common Stock,$16.46,0.01,0.061%,2364443924.00,United States,,1266810,Technology,Computer Software: Programming Data Processing
MIRM,Mirum Pharmaceuticals Inc. Common Stock,$78.85,-1.36,-1.696%,4052383310.00,United States,2019,504372,Health Care,Biotechnology: Pharmaceutical Preparations
MLYS,Mineralys Therapeutics Inc. Common Stock,$35.50,-1.33,-3.611%,2809468438.00,United States,2023,1197307,Health Care,Biotechnology: Pharmaceutical Preparations
MMSI,Merit Medical Systems Inc. Common Stock,$88.56,0.34,0.385%,5250744363.00,United States,,308088,Health Care,Medical/Dental Instruments
MPWR,Monolithic Power Systems Inc. Common Stock,$923.91,-6.13,-0.659%,44261756370.00,United States,2004,288335,Technology,Semiconductors
MQ,Marqeta Inc. Class A Common Stock,$4.81,-0.07,-1.434%,2116877378.00,United States,2021,2275188,Technology,Computer Software: Prepackaged Software
MRCY,Mercury Systems Inc Common Stock,$73.85,-1.08,-1.441%,4438395044.00,United States,1998,481709,Technology,Electrical Products
MRNA,Moderna Inc. Common Stock,$30.41,-0.74,-2.376%,11880563960.00,United States,2018,5666764,Health Care,Biotechnology: Biological Products (No Diagnostic Substances)
MRVL,Marvell Technology Inc. Common Stock,$86.76,1.00,1.166%,73581156000.00,United States,2000,9583033,Technology,Semiconductors
MSFT,Microsoft Corporation Common Stock,$487.48,0.38,0.078%,3623135459259.00,United States,1986,13944512,Technology,Computer Software: Prepackaged Software
MSTR,Strategy Inc Common Stock Class A,$155.61,0.22,0.142%,44715114703.00,United States,1998,12740204,Technology,Computer Software: Prepackaged Software
MTCH,Match Group Inc. Common Stock,$32.16,-0.23,-0.71%,7592017278.00,United States,,2090207,Technology,Computer Software: Programming Data Processing
MTSI,MACOM Technology Solutions Holdings Inc. Common Stock,$174.87,1.16,0.668%,13103529863.00,United States,2012,500621,Technology,Semiconductors
MU,Micron Technology Inc. Common Stock,$292.63,-1.74,-0.591%,329357775046.00,United States,,23056391,Technology,Semiconductors
NAVN,Navan Inc. Class A Common Stock,$17.39,0.89,5.394%,4323920290.00,United States,2025,2449893,Technology,Computer Software: Prepackaged Software
NBIX,Neurocrine Biosciences Inc. Common Stock,$140.95,-2.69,-1.873%,14053518133.00,United States,1996,1000445,Health Care,Biotechnology: Biological Products (No Diagnostic Substances)
NCNO,nCino Inc. Common Stock,$26.04,-0.14,-0.535%,2986396567.00,United States,2020,1090253,Technology,Computer Software: Prepackaged Software
NTAP,NetApp Inc. Common Stock,$108.42,-0.98,-0.896%,21473702930.00,United States,1995,1002146,Technology,Electronic Components
NTNX,Nutanix Inc. Class A Common Stock,$51.96,-0.39,-0.745%,14049980051.00,United States,2016,2595229,Technology,Computer Software: Prepackaged Software
NTRA,Natera Inc. Common Stock,$229.98,-1.32,-0.571%,31740566661.00,United States,2015,660388,Health Care,Medical Specialities
NTSK,Netskope Inc. Class A Common Stock,$17.93,-0.24,-1.321%,7051131378.00,United States,2025,1636569,Technology,Computer Software: Prepackaged Software
NUVL,Nuvalent Inc. Class A Common Stock,$100.38,-1.38,-1.356%,7298300052.00,United States,2021,508283,Health Care,Biotechnology: Pharmaceutical Preparations
NVDA,NVIDIA Corporation Common Stock,$187.54,-0.68,-0.361%,4557222000000.00,United States,1999,97687274,Technology,Semiconductors
OCUL,Ocular Therapeutix Inc. Common Stock,$12.20,-0.10,-0.813%,2599179158.00,United States,2014,2190169,Health Care,Biotechnology: Pharmaceutical Preparations
OKTA,Okta Inc. Class A Common Stock,$87.43,-0.65,-0.738%,15495238222.00,United States,2017,1121661,Technology,Computer Software: Prepackaged Software
OLED,Universal Display Corporation Common Stock,$118.96,-0.28,-0.235%,5655625465.00,United States,,379036,Technology,Electrical Products
OMCL,Omnicell Inc. Common Stock ($0.001 par value),$45.92,-0.22,-0.477%,2060729890.00,United States,2001,404197,Technology,Computer Manufacturing
ON,ON Semiconductor Corporation Common Stock,$54.24,0.22,0.407%,21825005067.00,United States,,3055672,Technology,Semiconductors
ONDS,Ondas Holdings Inc. Common Stock,$8.99,0.53,6.265%,3365486898.00,United States,,56951549,Technology,Radio And Television Broadcasting And Communications Equipment
OPCH,Option Care Health Inc. Common Stock,$32.16,-0.03,-0.093%,5104843825.00,United States,,1010790,Health Care,Medical/Nursing Services
OS,OneStream Inc. Class A Common Stock,$18.64,0.04,0.215%,4544651449.00,United States,2024,875298,Technology,Computer Software: Prepackaged Software
OSIS,OSI Systems Inc. Common Stock (DE),$262.95,-7.21,-2.669%,4464331705.00,United States,1997,358296,Technology,Semiconductors
PANW,Palo Alto Networks Inc. Common Stock,$186.85,0.00,0.00%,130234450000.00,United States,,2847620,Technology,Computer peripheral equipment
PCTY,Paylocity Holding Corporation Common Stock,$152.98,-0.84,-0.546%,8319298239.00,United States,2014,242295,Technology,Computer Software: Prepackaged Software
PCVX,Vaxcyte Inc. Common Stock,$45.41,-1.16,-2.491%,5944453403.00,United States,2020,779206,Health Care,Biotechnology: Pharmaceutical Preparations
PEGA,Pegasystems Inc. Common Stock,$61.32,-0.86,-1.383%,10407401054.00,United States,1996,696888,Technology,EDP Services
PGNY,Progyny Inc. Common Stock,$25.84,0.22,0.859%,2227709139.00,United States,2019,1035591,Health Care,Misc Health and Biotechnology Services
PI,Impinj Inc. Common Stock,$168.60,-2.99,-1.743%,5076399655.00,United States,2016,228696,Technology,Industrial Machinery/Components
PLTR,Palantir Technologies Inc. Class A Common Stock,$180.84,-3.34,-1.813%,431020627364.00,United States,,23336307,Technology,Computer Software: Prepackaged Software
PLUS,ePlus inc. Common Stock,$88.60,-0.95,-1.061%,2342484414.00,United States,1996,84651,Technology,Retail: Computer Software & Peripheral Equipment
PLXS,Plexus Corp. Common Stock,$149.58,-1.71,-1.13%,4004916996.00,United States,,89546,Technology,Electrical Products
PODD,Insulet Corporation Common Stock,$287.03,-0.33,-0.115%,20191670133.00,United States,2007,322546,Health Care,Medical/Dental Instruments
PRAX,Praxis Precision Medicines Inc. Common Stock,$297.02,-7.56,-2.482%,7427629930.00,United States,2020,691247,Health Care,Biotechnology: Pharmaceutical Preparations
PRVA,Privia Health Group Inc. Common Stock,$23.86,0.00,0.00%,2934816482.00,United States,2021,513646,Health Care,Medical/Nursing Services
PTC,PTC Inc. Common Stock,$175.41,-0.18,-0.103%,20952419462.00,United States,,445651,Technology,Computer Software: Prepackaged Software
PTCT,PTC Therapeutics Inc. Common Stock,$76.19,-1.45,-1.868%,6117165958.00,United States,2013,679460,Health Care,Biotechnology: Pharmaceutical Preparations
PTGX,Protagonist Therapeutics Inc. Common Stock,$87.26,-0.67,-0.762%,5455117015.00,United States,2016,343984,Health Care,Biotechnology: Pharmaceutical Preparations
QCOM,QUALCOMM Incorporated Common Stock,$173.65,0.22,0.127%,185979150000.00,United States,1991,3429263,Technology,Radio And Television Broadcasting And Communications Equipment
QLYS,Qualys Inc. Common Stock,$134.57,-2.77,-2.017%,4825452508.00,United States,2012,475436,Technology,Computer Software: Prepackaged Software
QRVO,Qorvo Inc. Common Stock,$85.81,0.35,0.41%,7928579791.00,United States,,555390,Technology,Semiconductors
QUBT,Quantum Computing Inc. Common Stock,$10.40,-0.17,-1.608%,2330882362.00,United States,,11335844,Technology,Computer Software: Prepackaged Software
RARE,Ultragenyx Pharmaceutical Inc. Common Stock,$22.78,3.06,15.517%,2197759022.00,United States,2014,11045719,Health Care,Biotechnology: Pharmaceutical Preparations
RDNT,RadNet Inc. Common Stock,$71.49,-1.32,-1.813%,5524922922.00,United States,,497600,Health Care,Medical Specialities
REGN,Regeneron Pharmaceuticals Inc. Common Stock,$773.94,-6.56,-0.84%,81340679168.00,United States,1991,383233,Health Care,Biotechnology: Pharmaceutical Preparations
RGEN,Repligen Corporation Common Stock,$166.59,0.86,0.519%,9377475876.00,United States,1986,319440,Health Care,Biotechnology: Biological Products (No Diagnostic Substances)
RGTI,Rigetti Computing Inc. Common Stock,$22.41,0.14,0.629%,7395884408.00,United States,,24875585,Technology,EDP Services
RGTIW,Rigetti Computing Inc. Warrants,$11.39,0.09,0.796%,3758997028.00,United States,,120189,Technology,EDP Services
RMBS,Rambus Inc. Common Stock,$94.69,1.12,1.197%,10193391094.00,United States,1997,830644,Technology,Semiconductors
RNA,Avidity Biosciences Inc. Common Stock,$72.15,-0.02,-0.028%,10871254785.00,United States,2020,656641,Health Care,Biotechnology: Pharmaceutical Preparations
ROP,Roper Technologies Inc. Common Stock,$450.08,-0.76,-0.169%,48445454494.00,United States,1992,430857,Technology,Computer Software: Programming Data Processing
RPRX,Royalty Pharma plc Class A Ordinary Shares ,$38.99,-0.09,-0.23%,22506513792.00,United States,2020,2836992,Health Care,Biotechnology: Pharmaceutical Preparations
RUM,Rumble Inc. Class A Common Stock,$6.56,-0.01,-0.152%,2852697495.00,United States,2021,1452207,Technology,Computer Software: Programming Data Processing
RVMD,Revolution Medicines Inc. Common Stock,$79.67,-0.85,-1.056%,15401788864.00,United States,2020,1267267,Health Care,Biotechnology: Biological Products (No Diagnostic Substances)
RXRX,Recursion Pharmaceuticals Inc. Class A Common Stock,$4.11,-0.02,-0.484%,2136532474.00,United States,2021,18023774,Health Care,Biotechnology: Biological Products (No Diagnostic Substances)
RYTM,Rhythm Pharmaceuticals Inc. Common Stock,$106.76,-5.79,-5.144%,7124741339.00,United States,2017,901163,Health Care,Biotechnology: Pharmaceutical Preparations
SAIC,Science Applications International Corporation Common Stock,$102.48,-0.87,-0.842%,4624657387.00,United States,,350883,Technology,EDP Services
SAIL,SailPoint Inc. Common Stock,$20.81,-0.17,-0.81%,11687432066.00,United States,2025,988789,Technology,Computer Software: Prepackaged Software
SANM,Sanmina Corporation Common Stock,$152.03,-1.73,-1.125%,8295347741.00,United States,1993,466034,Technology,Electrical Products
SGRY,Surgery Partners Inc. Common Stock,$15.65,-0.10,-0.635%,2024198841.00,United States,2015,1229394,Health Care,Hospital/Nursing Management
SHC,Sotera Health Company Common Stock,$17.75,0.00,0.00%,5042667240.00,United States,2020,1890004,Health Care,Misc Health and Biotechnology Services
SITM,SiTime Corporation Common Stock,$363.77,-5.44,-1.473%,9494626175.00,United States,2019,166535,Technology,Semiconductors
SLAB,Silicon Laboratories Inc. Common Stock,$132.89,0.19,0.143%,4365827462.00,United States,2000,178574,Technology,Semiconductors
SLNO,Soleno Therapeutics Inc. Common Stock,$46.29,-1.26,-2.65%,2486237057.00,United States,2014,1166938,Health Care,Biotechnology: Electromedical & Electrotherapeutic Apparatus
SMCI,Super Micro Computer Inc. Common Stock,$29.65,-0.43,-1.43%,17700194093.00,United States,2020,21568249,Technology,Computer Manufacturing
SMMT,Summit Therapeutics Inc. Common Stock ,$17.49,-0.29,-1.631%,13020299990.00,United States,2015,1458936,Health Care,Biotechnology: Pharmaceutical Preparations
SMTC,Semtech Corporation Common Stock,$75.16,-0.60,-0.792%,6955310684.00,United States,,512940,Technology,Semiconductors
SNDK,Sandisk Corporation Common Stock,$240.22,-4.03,-1.65%,35205004659.00,United States,,6617041,Technology,Electronic Components
SNPS,Synopsys Inc. Common Stock,$474.49,-4.48,-0.935%,90778575565.00,United States,1992,834580,Technology,Computer Software: Prepackaged Software
SOUN,SoundHound AI Inc Class A Common Stock,$10.04,-0.37,-3.554%,4217762444.00,United States,,22299375,Technology,Computer Software: Prepackaged Software
SPSC,SPS Commerce Inc. Common Stock,$90.81,-0.96,-1.046%,3424362826.00,United States,2010,278223,Technology,Computer Software: Prepackaged Software
SRPT,Sarepta Therapeutics Inc. Common Stock (DE),$21.49,-0.33,-1.512%,2251876649.00,United States,,2088127,Health Care,Biotechnology: Pharmaceutical Preparations
SRRK,Scholar Rock Holding Corporation Common Stock,$43.62,-1.57,-3.474%,4449565274.00,United States,2018,795288,Health Care,Biotechnology: Biological Products (No Diagnostic Substances)
SSNC,SS&C Technologies Holdings Inc. Common Stock,$88.50,-0.88,-0.985%,21596425166.00,United States,2010,738037,Technology,Computer Software: Prepackaged Software
STRC,Strategy Inc Variable Rate Series A Perpetual Stretch Preferred Stock,$98.98,0.19,0.192%,28442272690.00,United States,,335141,Technology,Computer Software: Prepackaged Software
STRD,Strategy Inc 10.00% Series A Perpetual Stride Preferred Stock,$76.96,1.68,2.232%,22114743446.00,United States,,112412,Technology,Computer Software: Prepackaged Software
STRF,Strategy Inc 10.00% Series A Perpetual Strife Preferred Stock,$103.44,-0.06,-0.058%,29723870348.00,United States,,81888,Technology,Computer Software: Prepackaged Software
STRK,Strategy Inc 8.00% Series A Perpetual Strike Preferred Stock,$81.27,-0.37,-0.453%,23353238043.00,United States,,148502,Technology,Computer Software: Prepackaged Software
SUPN,Supernus Pharmaceuticals Inc. Common Stock,$49.89,-1.36,-2.654%,2860660172.00,United States,2012,367670,Health Care,Biotechnology: Pharmaceutical Preparations
SWKS,Skyworks Solutions Inc. Common Stock,$64.46,0.44,0.687%,9664503077.00,United States,,1773270,Technology,Semiconductors
SYNA,Synaptics Incorporated Common Stock $0.001 Par Value,$75.01,-0.02,-0.027%,2924645376.00,United States,2002,413517,Technology,Semiconductors
SYRE,Spyre Therapeutics Inc. Common Stock,$31.88,-0.68,-2.088%,2473637104.00,United States,2016,392912,Health Care,Biotechnology: Pharmaceutical Preparations
TARS,Tarsus Pharmaceuticals Inc. Common Stock,$82.33,0.36,0.439%,3494834815.00,United States,2020,1527102,Health Care,Biotechnology: Biological Products (No Diagnostic Substances)
TECH,Bio-Techne Corp Common Stock,$59.12,-0.12,-0.203%,9211646883.00,United States,,978107,Health Care,Biotechnology: Biological Products (No Diagnostic Substances)
TEM,Tempus AI Inc. Class A Common Stock,$60.39,-1.08,-1.757%,10743819371.00,United States,2024,5051292,Technology,Computer Software: Programming Data Processing
TENB,Tenable Holdings Inc. Common Stock,$23.82,-0.13,-0.543%,2842780416.00,United States,2018,841740,Technology,Computer Software: Prepackaged Software
TERN,Terns Pharmaceuticals Inc. Common Stock,$40.59,-0.91,-2.193%,4211678067.00,United States,2021,1603507,Health Care,Biotechnology: Pharmaceutical Preparations
TGTX,TG Therapeutics Inc. Common Stock,$29.75,-0.78,-2.555%,4723093667.00,United States,,1591240,Health Care,Biotechnology: Pharmaceutical Preparations
TMDX,TransMedics Group Inc. Common Stock,$121.92,-1.14,-0.926%,4166533704.00,United States,2019,281249,Health Care,Biotechnology: Electromedical & Electrotherapeutic Apparatus
TTAN,ServiceTitan Inc. Class A Common Stock,$107.18,-0.72,-0.667%,10037046232.00,United States,2024,628071,Technology,Computer Software: Prepackaged Software
TTD,The Trade Desk Inc. Class A Common Stock,$38.12,-0.27,-0.703%,18434636330.00,United States,2016,8090208,Technology,Computer Software: Programming Data Processing
TTMI,TTM Technologies Inc. Common Stock,$70.42,-0.79,-1.109%,7276549655.00,United States,2000,558927,Technology,Electrical Products
TVTX,Travere Therapeutics Inc. Common Stock,$37.68,-1.20,-3.086%,3371317281.00,United States,,1486710,Health Care,Biotechnology: Pharmaceutical Preparations
TXN,Texas Instruments Incorporated Common Stock,$175.42,-0.27,-0.154%,159390650168.00,United States,,3904625,Technology,Semiconductors
UPWK,Upwork Inc. Common Stock,$19.55,-0.75,-3.695%,2554302963.00,United States,2018,2662746,Technology,EDP Services
UTHR,United Therapeutics Corporation Common Stock,$496.19,-6.71,-1.334%,21364253858.00,United States,1999,239382,Health Care,Biotechnology: Pharmaceutical Preparations
VCYT,Veracyte Inc. Common Stock,$42.28,-0.60,-1.399%,3342199034.00,United States,2013,534786,Health Care,Medical Specialities
VERA,Vera Therapeutics Inc. Class A Common Stock,$51.17,-1.08,-2.067%,3583586205.00,United States,2021,1061023,Health Care,Biotechnology: Pharmaceutical Preparations
VERX,Vertex Inc. Class A Common Stock,$20.03,-0.25,-1.233%,3195345119.00,United States,2020,647217,Technology,Computer Software: Prepackaged Software
VIAV,Viavi Solutions Inc. Common Stock,$18.01,-0.09,-0.497%,4019811415.00,United States,,1990295,Technology,Semiconductors
VICR,Vicor Corporation Common Stock,$113.70,1.70,1.518%,5077004258.00,United States,,679584,Technology,Industrial Machinery/Components
VKTX,Viking Therapeutics Inc. Common Stock,$35.32,-1.14,-3.127%,3992443670.00,United States,2015,2175139,Health Care,Biotechnology: Pharmaceutical Preparations
VRDN,Viridian Therapeutics Inc. Common Stock,$31.02,-0.52,-1.649%,2960611088.00,United States,2014,952595,Health Care,Medical Specialities
VRNS,Varonis Systems Inc. Common Stock,$33.10,-0.24,-0.72%,3902400895.00,United States,2014,990905,Technology,Computer Software: Prepackaged Software
VRSN,VeriSign Inc. Common Stock,$245.92,0.77,0.314%,22796784000.00,United States,1998,365164,Technology,EDP Services
VRTX,Vertex Pharmaceuticals Incorporated Common Stock,$453.74,-6.04,-1.314%,115122382378.00,United States,1991,686179,Health Care,Biotechnology: Pharmaceutical Preparations
VSAT,ViaSat Inc. Common Stock,$35.34,0.67,1.933%,4780228629.00,United States,1996,1274330,Technology,Radio And Television Broadcasting And Communications Equipment
VTRS,Viatris Inc. Common Stock,$12.54,0.17,1.374%,14443194195.00,United States,,6925654,Health Care,Biotechnology: Pharmaceutical Preparations
WAY,Waystar Holding Corp. Common Stock,$32.98,0.04,0.121%,6309620907.00,United States,2024,1590347,Technology,EDP Services
WDAY,Workday Inc. Class A Common Stock,$216.93,-2.06,-0.941%,57052590000.00,United States,,1890139,Technology,EDP Services
WDC,Western Digital Corporation Common Stock,$176.06,-3.62,-2.015%,60194787413.00,United States,,6007987,Technology,Electronic Components
WGS,GeneDx Holdings Corp. Class A Common Stock,$128.00,-1.34,-1.036%,3699787520.00,United States,2020,545341,Technology,Retail: Computer Software & Peripheral Equipment
WULF,TeraWulf Inc. Common Stock,$11.15,-0.27,-2.364%,4668302973.00,United States,,17016132,Technology,EDP Services
XRAY,DENTSPLY SIRONA Inc. Common Stock,$11.40,0.15,1.333%,2274892447.00,United States,1987,2801997,Health Care,Medical/Dental Instruments
ZM,Zoom Communications Inc. Class A Common Stock,$86.30,-0.03,-0.035%,25553513625.00,United States,2019,1732154,Technology,Computer Software: Programming Data Processing
ZS,Zscaler Inc. Common Stock,$227.42,-0.60,-0.263%,36266942123.00,United States,2018,736078,Technology,EDP Services
